{
  "questions": [
    {
      "question": "因为 7.891 是一个浮点数，所以使用 float 方式初始化。",
      "answer": true
    },
    {
      "question": "解锁 Bootloader 是安全的，反而上锁 Bootloader 较危险。",
      "answer": false
    },
    {
      "question": "Uinxed-Kernel 现在使用 GPL 2.0 协议开源，具有开放，自由的特点。",
      "answer": false
    },
    {
      "question": "臭屁股和独角兽都是'xjb'无聊时候想出来的梗。",
      "answer": true
    },
    {
      "question": "解锁 Bootloader 会导致设备数据丢失，解锁前请做好数据备份。",
      "answer": false
    },
    {
      "question": "Python中，列表（list）是可变对象，元组（tuple）是不可变对象。",
      "answer": true
    },
    {
      "question": "面向对象编程的三大特性是封装、继承和多态。",
      "answer": true
    },
    {
      "question": "HTTP协议的默认端口是8080。",
      "answer": false
    },
    {
      "question": "递归函数必须包含基线条件，否则会导致无限递归。",
      "answer": true
    },
    {
      "question": "百分数可以表示具体的量。",
      "answer": false
    },
    {
      "question": "Java和JavaScript是同一种编程语言的不同称呼。",
      "answer": false
    },
    {
      "question": "哈希表的查找时间复杂度通常为O(1)。",
      "answer": true
    },
    {
      "question": "Python的缩进是语法的一部分，而不仅仅是风格问题。",
      "answer": true
    },
    {
      "question": "栈（Stack）是一种先进先出（FIFO）的数据结构。",
      "answer": false
    },
    {
      "question": "Git是一种分布式版本控制系统。",
      "answer": true
    },
    {
      "question": "多线程编程中，锁（Lock）可以解决线程安全问题。",
      "answer": true
    },
    {
      "question": "正则表达式可以用来匹配和处理字符串模式。",
      "answer": true
    },
    {
      "question": "编译型语言比解释型语言运行速度更快。",
      "answer": true
    },
    {
      "question": "JSON是一种轻量级的数据交换格式。",
      "answer": true
    },
    {
      "question": "二叉树的中序遍历顺序是：左子树->根节点->右子树。",
      "answer": true
    },
    {
      "question": "Python中的字典（dictionary）可以使用列表作为键（key）。",
      "answer": false
    },
    {
      "question": "TCP是一种面向连接的协议，UDP是无连接协议。",
      "answer": true
    },
    {
      "question": "函数式编程强调使用不可变数据和纯函数。",
      "answer": true
    },
    {
      "question": "冒泡排序的时间复杂度是O(n²)。",
      "answer": true
    },
    {
      "question": "数据库事务具有ACID特性（原子性、一致性、隔离性、持久性）。",
      "answer": true
    },
    {
      "question": "面向过程编程比面向对象编程更先进。",
      "answer": false
    },
    {
      "question": "Python 3.x中，print是一个函数而不是语句。",
      "answer": true
    },
    {
      "question": "链表的插入和删除操作比数组更高效。",
      "answer": true
    },
    {
      "question": "HTTPS协议通过加密保证数据传输安全。",
      "answer": true
    },
    {
      "question": "异常处理（try...except）可以捕获并处理程序运行时错误。",
      "answer": true
    },
    {
      "question": "集合（Set）中可以包含重复元素。",
      "answer": false
    },
    {
      "question": "动态规划是一种通过将问题分解为子问题来解决复杂问题的方法。",
      "answer": true
    },
    {
      "question": "注释不会影响程序的执行，但有助于代码维护。",
      "answer": true
    },
    {
      "question": "模块化编程可以提高代码的复用性和可维护性。",
      "answer": true
    },
    {
      "question": "接口测试主要关注软件组件之间的交互是否正确。",
      "answer": true
    },
    {
      "question": "计算机硬件的五大组成部分是：运算器、控制器、存储器、输入设备和输出设备。",
      "answer": true
    },
    {
      "question": "BIOS是一组固化到计算机内主板上一个ROM芯片上的程序。",
      "answer": true
    },
    {
      "question": "硬盘的读写速度比内存快。",
      "answer": false
    },
    {
      "question": "64位操作系统可以运行32位应用程序，但32位操作系统不能运行64位应用程序。",
      "answer": true
    },
    {
      "question": "木马病毒的主要特征是自我复制。",
      "answer": false
    },
    {
      "question": "显存容量会影响显卡的性能，尤其是在高分辨率下。",
      "answer": true
    },
    {
      "question": "以太网（Ethernet）是一种局域网技术。",
      "answer": true
    },
    {
      "question": "操作系统的主要功能包括进程管理、内存管理、文件管理和设备管理。",
      "answer": true
    },
    {
      "question": "固态硬盘（SSD）的读写速度通常比机械硬盘（HDD）快。",
      "answer": true
    },
    {
      "question": "IP地址192.168.1.1属于私有IP地址。",
      "answer": true
    },
    {
      "question": "计算机的主频越高，性能一定越好。",
      "answer": false
    },
    {
      "question": "在MBR（主引导记录）中，55 AA 或 0x55AA 是最重要的表示该设备可启动的描述符。",
      "answer": true
    },
    {
      "question": "USB 3.0的传输速度比USB 2.0快。",
      "answer": true
    },
    {
      "question": "虚拟内存是计算机硬盘上的一块区域，用于当物理内存不足时使用。",
      "answer": true
    },
    {
      "question": "蓝牙是一种短距离无线通信技术。",
      "answer": true
    },
    {
      "question": "域名解析（DNS）的作用是将域名转换为IP地址。",
      "answer": true
    },
    {
      "question": "多核处理器可以同时执行多个任务，提高处理效率。",
      "answer": true
    },
    {
      "question": "缓存（Cache）的作用是提高CPU访问数据的速度。",
      "answer": true
    },
    {
      "question": "注册表是Linux内核中的一个重要数据库。",
      "answer": false
    },
    {
      "question": "进程是程序的一次执行过程。",
      "answer": true
    },
    {
      "question": "路由器的主要功能是连接不同的网络，并在它们之间转发数据。",
      "answer": true
    },
    {
      "question": "分辨率是指显示器所能显示的像素数量，通常表示为水平像素×垂直像素。",
      "answer": true
    },
    {
      "question": "汇编语言是一种高级编程语言。",
      "answer": false
    },
    {
      "question": "分布式系统是由多个独立计算机组成的系统，这些计算机通过网络协同工作。",
      "answer": true
    },
    {
      "question": "电源的功率不足可能导致计算机不稳定或无法启动。",
      "answer": true
    },
    {
      "question": "加密技术可以保护数据的机密性。",
      "answer": true
    },
    {
      "question": "浏览器的缓存可以存储网页数据，加快后续访问速度。",
      "answer": true
    },
    {
      "question": "中断是CPU处理外部事件的一种机制。",
      "answer": true
    },
    {
      "question": "集群技术可以提高系统的可用性和性能。",
      "answer": true
    },
    {
      "question": "驱动程序是操作系统与硬件设备之间的接口，让操作系统能使用硬件设备。",
      "answer": true
    },
    {
      "question": "ring3 为用户态，具有最高权限。",
      "answer": false
    },
    {
      "question": "调试时，print语句是最好用的工具之一。",
      "answer": true
    },
    {
      "question": "ring0 是内核态，为内核中的最高权限，具有可读写设备的特点。",
      "answer": true
    },
    {
      "question": "栈溢出通常是因为递归太深。",
      "answer": true
    },
    {
      "question": "CIH 病毒主要获取 ring3 权限来读写主板的 BIOS 程序。",
      "answer": false
    },
    {
      "question": "独角兽和飞马都是神话中的生物。",
      "answer": true
    },
    {
      "question": "臭屁股的气味传播速度与风速成正比。",
      "answer": true
    },
    {
      "question": "键盘上的Ctrl+C和Ctrl+V是程序员最常用的组合键。",
      "answer": true
    },
    {
      "question": "调试时，发现bug的位置往往在最意想不到的地方。",
      "answer": true
    },
    {
      "question": "面向对象编程中的“继承”可以理解为“父子关系”。",
      "answer": true
    },
    {
      "question": "二进制是计算机中最基础的数制。",
      "answer": true
    },
    {
      "question": "缓存失效是计算机科学中最难的问题之一。",
      "answer": true
    },
    {
      "question": "多任务处理其实是CPU在多个任务之间快速切换。",
      "answer": true
    },
    {
      "question": "开源软件的源代码是公开的，可以自由修改和分发。",
      "answer": true
    },
    {
      "question": "人工智能可以完全替代程序员。",
      "answer": false
    },
    {
      "question": "云计算的核心是通过网络提供计算资源。",
      "answer": true
    },
    {
      "question": "区块链技术的特点是去中心化和不可篡改。",
      "answer": true
    },
    {
      "question": "元宇宙是一个虚拟的数字世界。",
      "answer": true
    },
    {
      "question": "量子计算机可以解决经典计算机难以解决的问题。",
      "answer": true
    },
    {
      "question": "编程不仅是技术，也是一种思维方式。",
      "answer": true
    },
    {
      "question": "因为78.91是浮点数，所以使用int方式可以正确初始化。",
      "answer": false
    },
    {
      "question": "在C语言中，将double类型的3.14赋值给int变量时，会自动四舍五入得到3。",
      "answer": false
    },
    {
      "question": "进程的PID在操作系统中是唯一的，且不会重复使用。",
      "answer": false
    },
    {
      "question": "Python中，整数100可以直接赋值给布尔类型变量，结果为True。",
      "answer": true
    },
    {
      "question": "内存分页机制中，页表的作用是将虚拟地址转换为物理地址。",
      "answer": true
    },
    {
      "question": "在Java中，int类型变量可以存储32位有符号整数，其范围是-2^31到2^31-1。",
      "answer": true
    },
    {
      "question": "中断向量表存储了各种中断服务程序的入口地址。",
      "answer": true
    },
    {
      "question": "C++中，使用delete释放数组时，必须使用delete[]而非delete。",
      "answer": true
    },
    {
      "question": "用户态程序通过系统调用陷入内核态，系统调用的执行在ring0权限下。",
      "answer": true
    },
    {
      "question": "在JavaScript中，\"10\" == 10的结果为true，因为会进行类型转换。",
      "answer": true
    },
    {
      "question": "文件系统中的inode包含了文件的元数据（如权限、大小等），但不包含文件名。",
      "answer": true
    },
    {
      "question": "在C语言中，char类型变量占用1个字节，因此只能表示0-255的整数。",
      "answer": false
    },
    {
      "question": "线程共享进程的地址空间，而进程拥有独立的地址空间。",
      "answer": true
    },
    {
      "question": "Python中，列表的append()方法和extend()方法功能相同，都可以添加元素。",
      "answer": false
    },
    {
      "question": "BIOS在计算机启动时负责初始化硬件，并加载引导程序到内存。",
      "answer": true
    },
    {
      "question": "内核态程序可以直接访问所有硬件资源，而用户态程序不能。",
      "answer": true
    },
    {
      "question": "Linux系统中，/proc目录是一个虚拟文件系统，存储着系统进程的实时信息。",
      "answer": true
    },
    {
      "question": "因为'65'是字符串，所以在Python中使用int('65')转换会报错。",
      "answer": false
    },
    {
      "question": "CPU的指令集是硬件与软件之间的接口，决定了CPU能执行的操作。",
      "answer": true
    },
    {
      "question": "操作系统的进程调度算法中，先来先服务（FCFS）算法对短作业有利。",
      "answer": false
    },
    {
      "question": "进程控制块（PCB）包含进程的状态、优先级、程序计数器等关键信息。",
      "answer": true
    },
    {
      "question": "内核线程的调度完全由内核负责，无需用户态参与。",
      "answer": true
    },
    {
      "question": "内存分段机制中，段表用于记录段的基地址和长度以实现地址转换。",
      "answer": true
    },
    {
      "question": "系统调用的陷入指令（trap）会触发CPU从用户态切换到内核态并保存现场。",
      "answer": true
    },
    {
      "question": "Linux进程状态中，僵尸态（Z）表示进程已终止但父进程未回收其资源。",
      "answer": true
    },
    {
      "question": "C语言中，指针变量的大小仅由操作系统位数决定（32位4字节，64位8字节）。",
      "answer": true
    },
    {
      "question": "虚拟内存页面置换算法中，LRU总能获得最低缺页率。",
      "answer": false
    },
    {
      "question": "内核态与用户态切换会涉及栈切换和寄存器状态保存。",
      "answer": true
    },
    {
      "question": "MBR分区表最多支持4个主分区，存储在MBR的446-510字节。",
      "answer": true
    },
    {
      "question": "C++虚函数通过虚函数表（vtable）实现多态，每个含虚函数的类都有vtable。",
      "answer": true
    },
    {
      "question": "时钟中断是操作系统进程调度的重要触发条件。",
      "answer": true
    },
    {
      "question": "内存地址转换由MMU（内存管理单元）硬件完成。",
      "answer": true
    },
    {
      "question": "Linux系统调用号通过特定寄存器（如x86的eax）传递。",
      "answer": true
    },
    {
      "question": "Java的native方法由非Java语言实现，运行时需调用本地库。",
      "answer": true
    },
    {
      "question": "中断处理程序应尽可能简短以减少对正常执行的影响。",
      "answer": true
    },
    {
      "question": "进程等待I/O时会进入阻塞态并释放CPU资源。",
      "answer": true
    },
    {
      "question": "C语言static局部变量在函数调用结束后不销毁，值会保留。",
      "answer": true
    },
    {
      "question": "内核提供IPC机制（管道、消息队列等）实现进程间通信。",
      "answer": true
    },
    {
      "question": "内存分页中，页面越大页表项越少但内存碎片可能越大。",
      "answer": true
    },
    {
      "question": "x86架构特权级Ring0权限最高，Ring3最低。",
      "answer": true
    }
  ],
  "history": [
    {
      "timestamp": "2025-12-05 21:39:32",
      "score": 100,
      "pass": true,
      "avg_time": 3.34,
      "fast_questions": 0
    }
  ]
}